Metric,Value
design__lint_error__count,0
design__lint_timing_construct__count,0
design__lint_warning__count,558
design__inferred_latch__count,0
design__instance__count,49694
design__instance__area,447940
design__instance_unmapped__count,0
synthesis__check_error__count,0
synthesis__max_fanout,145
synthesis__high_fanout_net__count,9
design__max_slew_violation__count__corner:nom_tt_025C_1v80,0
design__max_fanout_violation__count__corner:nom_tt_025C_1v80,0
design__max_cap_violation__count__corner:nom_tt_025C_1v80,0
power__internal__total,0.05127875134348869
power__switching__total,0.018288860097527504
power__leakage__total,3.394811756152194E-7
power__total,0.0695679560303688
clock__skew__worst_hold__corner:nom_tt_025C_1v80,-0.4388190490739685
clock__skew__worst_setup__corner:nom_tt_025C_1v80,0.41505183797982037
timing__hold__ws__corner:nom_tt_025C_1v80,0.2408393552757078
timing__setup__ws__corner:nom_tt_025C_1v80,2.0673991992405187
timing__hold__tns__corner:nom_tt_025C_1v80,0
timing__setup__tns__corner:nom_tt_025C_1v80,0
timing__hold__wns__corner:nom_tt_025C_1v80,0
timing__setup__wns__corner:nom_tt_025C_1v80,0
timing__hold_vio__count__corner:nom_tt_025C_1v80,0
timing__hold_r2r__ws__corner:nom_tt_025C_1v80,0.240839
timing__hold_r2r_vio__count__corner:nom_tt_025C_1v80,0
timing__setup_vio__count__corner:nom_tt_025C_1v80,0
timing__setup_r2r__ws__corner:nom_tt_025C_1v80,2.434898
timing__setup_r2r_vio__count__corner:nom_tt_025C_1v80,0
design__max_slew_violation__count__corner:nom_ss_100C_1v60,0
design__max_fanout_violation__count__corner:nom_ss_100C_1v60,0
design__max_cap_violation__count__corner:nom_ss_100C_1v60,0
clock__skew__worst_hold__corner:nom_ss_100C_1v60,-0.696335342429983
clock__skew__worst_setup__corner:nom_ss_100C_1v60,0.6404769118568381
timing__hold__ws__corner:nom_ss_100C_1v60,0.13636059334316916
timing__setup__ws__corner:nom_ss_100C_1v60,0.18246071836538752
timing__hold__tns__corner:nom_ss_100C_1v60,0
timing__setup__tns__corner:nom_ss_100C_1v60,0
timing__hold__wns__corner:nom_ss_100C_1v60,0
timing__setup__wns__corner:nom_ss_100C_1v60,0
timing__hold_vio__count__corner:nom_ss_100C_1v60,0
timing__hold_r2r__ws__corner:nom_ss_100C_1v60,0.506176
timing__hold_r2r_vio__count__corner:nom_ss_100C_1v60,0
timing__setup_vio__count__corner:nom_ss_100C_1v60,0
timing__setup_r2r__ws__corner:nom_ss_100C_1v60,0.244019
timing__setup_r2r_vio__count__corner:nom_ss_100C_1v60,0
design__max_slew_violation__count__corner:nom_ff_n40C_1v95,0
design__max_fanout_violation__count__corner:nom_ff_n40C_1v95,0
design__max_cap_violation__count__corner:nom_ff_n40C_1v95,0
clock__skew__worst_hold__corner:nom_ff_n40C_1v95,-0.33111375689601175
clock__skew__worst_setup__corner:nom_ff_n40C_1v95,0.32169740004634073
timing__hold__ws__corner:nom_ff_n40C_1v95,0.13905232914250035
timing__setup__ws__corner:nom_ff_n40C_1v95,2.6100786715159727
timing__hold__tns__corner:nom_ff_n40C_1v95,0
timing__setup__tns__corner:nom_ff_n40C_1v95,0
timing__hold__wns__corner:nom_ff_n40C_1v95,0
timing__setup__wns__corner:nom_ff_n40C_1v95,0
timing__hold_vio__count__corner:nom_ff_n40C_1v95,0
timing__hold_r2r__ws__corner:nom_ff_n40C_1v95,0.139052
timing__hold_r2r_vio__count__corner:nom_ff_n40C_1v95,0
timing__setup_vio__count__corner:nom_ff_n40C_1v95,0
timing__setup_r2r__ws__corner:nom_ff_n40C_1v95,3.300134
timing__setup_r2r_vio__count__corner:nom_ff_n40C_1v95,0
design__max_slew_violation__count,0
design__max_fanout_violation__count,0
design__max_cap_violation__count,0
clock__skew__worst_hold,-0.33111375689601175
clock__skew__worst_setup,0.31562695017618686
timing__hold__ws,0.0735891368670771
timing__setup__ws,0.053598460520301594
timing__hold__tns,0
timing__setup__tns,0
timing__hold__wns,0
timing__setup__wns,0
timing__hold_vio__count,0
timing__hold_r2r__ws,0.137943
timing__hold_r2r_vio__count,0
timing__setup_vio__count,0
timing__setup_r2r__ws,0.107065
timing__setup_r2r_vio__count,0
design__die__bbox,0.0 0.0 758.08 654.52
design__core__bbox,11.04 10.88 747.04 641.92
design__io,254
design__die__area,496179
design__core__area,464445
design__instance__count__stdcell,27098
design__instance__area__stdcell,242992
design__instance__count__macros,2
design__instance__area__macros,137642
design__instance__count__padcells,0
design__instance__area__padcells,0
design__instance__count__cover,0
design__instance__area__cover,0
design__instance__utilization,0.819545
design__instance__utilization__stdcell,0.743542
design__rows,155
design__rows:unithd,155
design__sites,248000
design__sites:unithd,248000
design__instance__count__class:macro,2
design__instance__area__class:macro,137642
design__instance__count__class:buffer,73
design__instance__area__class:buffer,335.322
design__instance__count__class:inverter,1493
design__instance__area__class:inverter,5665.43
design__instance__count__class:sequential_cell,4698
design__instance__area__class:sequential_cell,100727
design__instance__count__class:multi_input_combinational_cell,14097
design__instance__area__class:multi_input_combinational_cell,118904
flow__warnings__count,1
flow__errors__count,0
flow__warnings__count:ODB-0220,2
flow__warnings__type_count,1
flow__warnings__count:ORD-0039,1
design__instance__count__class:fill_cell,22594
design__instance__area__class:fill_cell,67305.8
design__instance__count__class:tap_cell,4474
design__instance__area__class:tap_cell,5597.87
flow__warnings__count:PDN-0110,2
design__power_grid_violation__count__net:VPWR,0
design__power_grid_violation__count__net:VGND,0
design__power_grid_violation__count,0
design__instance__count__class:timing_repair_buffer,1717
design__instance__area__class:timing_repair_buffer,8814.7
flow__warnings__count:GPL-0302,1
flow__warnings__count:GRT-0281,1
design__max_slew_violation__count__corner:max_ss_100C_1v60,0
design__max_fanout_violation__count__corner:max_ss_100C_1v60,0
design__max_cap_violation__count__corner:max_ss_100C_1v60,0
clock__skew__worst_hold__corner:max_ss_100C_1v60,-0.7008948619876167
clock__skew__worst_setup__corner:max_ss_100C_1v60,0.6470986707410372
timing__hold__ws__corner:max_ss_100C_1v60,0.0735891368670771
timing__setup__ws__corner:max_ss_100C_1v60,0.053598460520301594
timing__hold__tns__corner:max_ss_100C_1v60,0
timing__setup__tns__corner:max_ss_100C_1v60,0
timing__hold__wns__corner:max_ss_100C_1v60,0
timing__setup__wns__corner:max_ss_100C_1v60,0
timing__hold_vio__count__corner:max_ss_100C_1v60,0
timing__hold_r2r__ws__corner:max_ss_100C_1v60,0.519485
timing__hold_r2r_vio__count__corner:max_ss_100C_1v60,0
timing__setup_vio__count__corner:max_ss_100C_1v60,0
timing__setup_r2r__ws__corner:max_ss_100C_1v60,0.107065
timing__setup_r2r_vio__count__corner:max_ss_100C_1v60,0
timing__drv__floating__nets,2
timing__drv__floating__pins,0
design__instance__displacement__total,120.22
design__instance__displacement__mean,0.004
design__instance__displacement__max,5.94
route__wirelength__estimated,510081
design__violations,0
flow__warnings__count:RSZ-0020,1
flow__warnings__count:STA-1140,12
design__instance__count__class:clock_buffer,340
design__instance__area__class:clock_buffer,2432.33
design__instance__count__setup_buffer,20
design__instance__count__hold_buffer,0
flow__warnings__count:RSZ-0062,1
global_route__vias,147
global_route__wirelength,844849
antenna__violating__nets,0
antenna__violating__pins,0
route__antenna_violation__count,0
flow__warnings__count:EST-0026,1001
antenna_diodes_count,141
design__instance__count__class:antenna_cell,206
design__instance__area__class:antenna_cell,515.494
route__net,22583
route__net__special,2
route__drc_errors__iter:0,389
route__wirelength__iter:0,560440
route__drc_errors__iter:1,183
route__wirelength__iter:1,560333
route__drc_errors__iter:2,167
route__wirelength__iter:2,560322
route__drc_errors__iter:3,1
route__wirelength__iter:3,560339
route__drc_errors__iter:4,0
route__wirelength__iter:4,560333
route__drc_errors,0
route__wirelength,560333
route__vias,145621
route__vias__singlecut,145621
route__vias__multicut,0
flow__warnings__count:DRT-0349,10
flow__warnings__count:GRT-0243,1
design__disconnected_pin__count,4
design__critical_disconnected_pin__count,0
route__wirelength__max,969.14
timing__unannotated_net__count__corner:nom_tt_025C_1v80,61
timing__unannotated_net_filtered__count__corner:nom_tt_025C_1v80,0
timing__unannotated_net__count__corner:nom_ss_100C_1v60,61
timing__unannotated_net_filtered__count__corner:nom_ss_100C_1v60,0
timing__unannotated_net__count__corner:nom_ff_n40C_1v95,61
timing__unannotated_net_filtered__count__corner:nom_ff_n40C_1v95,0
design__max_slew_violation__count__corner:min_tt_025C_1v80,0
design__max_fanout_violation__count__corner:min_tt_025C_1v80,0
design__max_cap_violation__count__corner:min_tt_025C_1v80,0
clock__skew__worst_hold__corner:min_tt_025C_1v80,-0.4379274844488281
clock__skew__worst_setup__corner:min_tt_025C_1v80,0.41001259103967835
timing__hold__ws__corner:min_tt_025C_1v80,0.2459199580246867
timing__setup__ws__corner:min_tt_025C_1v80,2.110463419316038
timing__hold__tns__corner:min_tt_025C_1v80,0
timing__setup__tns__corner:min_tt_025C_1v80,0
timing__hold__wns__corner:min_tt_025C_1v80,0
timing__setup__wns__corner:min_tt_025C_1v80,0
timing__hold_vio__count__corner:min_tt_025C_1v80,0
timing__hold_r2r__ws__corner:min_tt_025C_1v80,0.24592
timing__hold_r2r_vio__count__corner:min_tt_025C_1v80,0
timing__setup_vio__count__corner:min_tt_025C_1v80,0
timing__setup_r2r__ws__corner:min_tt_025C_1v80,2.516147
timing__setup_r2r_vio__count__corner:min_tt_025C_1v80,0
timing__unannotated_net__count__corner:min_tt_025C_1v80,61
timing__unannotated_net_filtered__count__corner:min_tt_025C_1v80,0
design__max_slew_violation__count__corner:min_ss_100C_1v60,0
design__max_fanout_violation__count__corner:min_ss_100C_1v60,0
design__max_cap_violation__count__corner:min_ss_100C_1v60,0
clock__skew__worst_hold__corner:min_ss_100C_1v60,-0.6940527238267967
clock__skew__worst_setup__corner:min_ss_100C_1v60,0.6335659953776973
timing__hold__ws__corner:min_ss_100C_1v60,0.19466662166562546
timing__setup__ws__corner:min_ss_100C_1v60,0.2571125607416912
timing__hold__tns__corner:min_ss_100C_1v60,0
timing__setup__tns__corner:min_ss_100C_1v60,0
timing__hold__wns__corner:min_ss_100C_1v60,0
timing__setup__wns__corner:min_ss_100C_1v60,0
timing__hold_vio__count__corner:min_ss_100C_1v60,0
timing__hold_r2r__ws__corner:min_ss_100C_1v60,0.494483
timing__hold_r2r_vio__count__corner:min_ss_100C_1v60,0
timing__setup_vio__count__corner:min_ss_100C_1v60,0
timing__setup_r2r__ws__corner:min_ss_100C_1v60,0.38614
timing__setup_r2r_vio__count__corner:min_ss_100C_1v60,0
timing__unannotated_net__count__corner:min_ss_100C_1v60,61
timing__unannotated_net_filtered__count__corner:min_ss_100C_1v60,0
design__max_slew_violation__count__corner:min_ff_n40C_1v95,0
design__max_fanout_violation__count__corner:min_ff_n40C_1v95,0
design__max_cap_violation__count__corner:min_ff_n40C_1v95,0
clock__skew__worst_hold__corner:min_ff_n40C_1v95,-0.33178244424265524
clock__skew__worst_setup__corner:min_ff_n40C_1v95,0.31562695017618686
timing__hold__ws__corner:min_ff_n40C_1v95,0.14207163625451152
timing__setup__ws__corner:min_ff_n40C_1v95,2.6490252963213092
timing__hold__tns__corner:min_ff_n40C_1v95,0
timing__setup__tns__corner:min_ff_n40C_1v95,0
timing__hold__wns__corner:min_ff_n40C_1v95,0
timing__setup__wns__corner:min_ff_n40C_1v95,0
timing__hold_vio__count__corner:min_ff_n40C_1v95,0
timing__hold_r2r__ws__corner:min_ff_n40C_1v95,0.142072
timing__hold_r2r_vio__count__corner:min_ff_n40C_1v95,0
timing__setup_vio__count__corner:min_ff_n40C_1v95,0
timing__setup_r2r__ws__corner:min_ff_n40C_1v95,3.352508
timing__setup_r2r_vio__count__corner:min_ff_n40C_1v95,0
timing__unannotated_net__count__corner:min_ff_n40C_1v95,61
timing__unannotated_net_filtered__count__corner:min_ff_n40C_1v95,0
design__max_slew_violation__count__corner:max_tt_025C_1v80,0
design__max_fanout_violation__count__corner:max_tt_025C_1v80,0
design__max_cap_violation__count__corner:max_tt_025C_1v80,0
clock__skew__worst_hold__corner:max_tt_025C_1v80,-0.44318389101872846
clock__skew__worst_setup__corner:max_tt_025C_1v80,0.4223761460138718
timing__hold__ws__corner:max_tt_025C_1v80,0.23808977685515775
timing__setup__ws__corner:max_tt_025C_1v80,1.9923456781625453
timing__hold__tns__corner:max_tt_025C_1v80,0
timing__setup__tns__corner:max_tt_025C_1v80,0
timing__hold__wns__corner:max_tt_025C_1v80,0
timing__setup__wns__corner:max_tt_025C_1v80,0
timing__hold_vio__count__corner:max_tt_025C_1v80,0
timing__hold_r2r__ws__corner:max_tt_025C_1v80,0.23809
timing__hold_r2r_vio__count__corner:max_tt_025C_1v80,0
timing__setup_vio__count__corner:max_tt_025C_1v80,0
timing__setup_r2r__ws__corner:max_tt_025C_1v80,2.354226
timing__setup_r2r_vio__count__corner:max_tt_025C_1v80,0
timing__unannotated_net__count__corner:max_tt_025C_1v80,61
timing__unannotated_net_filtered__count__corner:max_tt_025C_1v80,0
timing__unannotated_net__count__corner:max_ss_100C_1v60,61
timing__unannotated_net_filtered__count__corner:max_ss_100C_1v60,0
design__max_slew_violation__count__corner:max_ff_n40C_1v95,0
design__max_fanout_violation__count__corner:max_ff_n40C_1v95,0
design__max_cap_violation__count__corner:max_ff_n40C_1v95,0
clock__skew__worst_hold__corner:max_ff_n40C_1v95,-0.3330408820766589
clock__skew__worst_setup__corner:max_ff_n40C_1v95,0.32801215449997273
timing__hold__ws__corner:max_ff_n40C_1v95,0.13794332733183756
timing__setup__ws__corner:max_ff_n40C_1v95,2.575031816217228
timing__hold__tns__corner:max_ff_n40C_1v95,0
timing__setup__tns__corner:max_ff_n40C_1v95,0
timing__hold__wns__corner:max_ff_n40C_1v95,0
timing__setup__wns__corner:max_ff_n40C_1v95,0
timing__hold_vio__count__corner:max_ff_n40C_1v95,0
timing__hold_r2r__ws__corner:max_ff_n40C_1v95,0.137943
timing__hold_r2r_vio__count__corner:max_ff_n40C_1v95,0
timing__setup_vio__count__corner:max_ff_n40C_1v95,0
timing__setup_r2r__ws__corner:max_ff_n40C_1v95,3.246659
timing__setup_r2r_vio__count__corner:max_ff_n40C_1v95,0
timing__unannotated_net__count__corner:max_ff_n40C_1v95,61
timing__unannotated_net_filtered__count__corner:max_ff_n40C_1v95,0
timing__unannotated_net__count,61
timing__unannotated_net_filtered__count,0
design_powergrid__voltage__worst__net:VPWR__corner:max_ss_100C_1v60,1.79847
design_powergrid__drop__average__net:VPWR__corner:max_ss_100C_1v60,1.79968
design_powergrid__drop__worst__net:VPWR__corner:max_ss_100C_1v60,0.00153177
design_powergrid__voltage__worst__net:VGND__corner:max_ss_100C_1v60,0.00169774
design_powergrid__drop__average__net:VGND__corner:max_ss_100C_1v60,0.000321649
design_powergrid__drop__worst__net:VGND__corner:max_ss_100C_1v60,0.00169774
design_powergrid__voltage__worst,0.00169774
design_powergrid__voltage__worst__net:VPWR,1.79847
design_powergrid__drop__worst,0.00169774
design_powergrid__drop__worst__net:VPWR,0.00153177
design_powergrid__voltage__worst__net:VGND,0.00169774
design_powergrid__drop__worst__net:VGND,0.00169774
ir__voltage__worst,1.8
ir__drop__avg,0.000322
ir__drop__worst,0.00153
design__xor_difference__count,0
magic__drc_error__count,0
klayout__drc_error__count,0
magic__illegal_overlap__count,0
design__lvs_device_difference__count,0
design__lvs_net_difference__count,0
design__lvs_property_fail__count,0
design__lvs_error__count,0
design__lvs_unmatched_device__count,0
design__lvs_unmatched_net__count,0
design__lvs_unmatched_pin__count,0
